{
  "evaluation_metrics": {
    "accuracy": 0.9666666666666667,
    "precision": 0.9696969696969696,
    "recall": 0.9666666666666667,
    "f1_score": 0.9665831244778613,
    "confusion_matrix": [
      [
        10,
        0,
        0
      ],
      [
        0,
        9,
        1
      ],
      [
        0,
        0,
        10
      ]
    ],
    "classification_report": {
      "setosa": {
        "precision": 1.0,
        "recall": 1.0,
        "f1-score": 1.0,
        "support": 10.0
      },
      "versicolor": {
        "precision": 1.0,
        "recall": 0.9,
        "f1-score": 0.9473684210526315,
        "support": 10.0
      },
      "virginica": {
        "precision": 0.9090909090909091,
        "recall": 1.0,
        "f1-score": 0.9523809523809523,
        "support": 10.0
      },
      "accuracy": 0.9666666666666667,
      "macro avg": {
        "precision": 0.9696969696969697,
        "recall": 0.9666666666666667,
        "f1-score": 0.9665831244778612,
        "support": 30.0
      },
      "weighted avg": {
        "precision": 0.9696969696969696,
        "recall": 0.9666666666666667,
        "f1-score": 0.9665831244778613,
        "support": 30.0
      }
    },
    "feature_importance": {
      "sepal length (cm)": 0.14325468284979545,
      "sepal width (cm)": 0.011235686151350082,
      "petal length (cm)": 0.4121441751020697,
      "petal width (cm)": 0.4333654558967847
    },
    "prediction_confidence": {
      "mean": 0.9400000000000001,
      "std": 0.1306394529484362,
      "min": 0.6,
      "max": 1.0
    }
  },
  "cross_validation": {
    "cv_scores": [
      0.9666666666666667,
      0.9666666666666667,
      0.9333333333333333,
      0.9333333333333333,
      1.0
    ],
    "cv_mean": 0.96,
    "cv_std": 0.024944382578492935,
    "cv_min": 0.9333333333333333,
    "cv_max": 1.0
  },
  "threshold_checks": {
    "accuracy_check": true,
    "f1_check": true,
    "accuracy_value": 0.9666666666666667,
    "f1_value": 0.9665831244778613,
    "accuracy_threshold": 0.8,
    "f1_threshold": 0.8,
    "all_checks_passed": true
  },
  "evaluation_timestamp": "2025-08-05T14:23:10.286328"
}